Title,Price,SKU,Color,URL
Full Skin Mink Stroller - Black,3700,WF-M59Q02BK,Black,M59Q02BK.jpg
Full Skin Mink Trench Coat - Black,4800,WF-M59F01BK,Black,M59F01BK.jpg
Diamond Mink Chopped Jacket - Black ,1400,WF-M49S08BK,Black ,M49S08BK.jpg
Diamond Mink Vest with Fox Trimmed Hood - Black,1100,WF-M49V02BK,Black,M49V02BK.jpg
Diamond Mink Vest - Black,600,WF-M49V03BK,Black,M49V03BK.jpg
 Sculpted Mink Stroller - Black,1900,WF-M69Q02BK,Black,M69Q02BK.jpg
Full Skin Chinchilla Jacket - Green ,7900,WF-M16R01GN,Green ,M16R01GN.jpg
Squared Chinchilla Jacket - Black/White,5000,WF-M06R01CH,Black/White,M06R01CH.jpg
Full Skin Fox Biker with Black Leather - Royal Blue,1500,WF-M83S01RB,Royal Blue,M83S01RB-F.jpg
Section Fox Jacket - Red,900,WF-M11R01RD,Red,M11R01RD.jpg
Full Skin Fox Jacket - Natural Grey Fox,2500,WF-A007NA,Natural Grey Fox,A007NA.jpg
Full Skin Mink Jacket - Whiskey,3200,WF-M59R01WK,Whiskey,M59R01WK.jpg
Full Skin Mink Jacket - Tan,3200,WF-M59R01NA,Tan,M59R01NA.jpg
Full Skin Mink Jacket - Royal Blue ,3200,WF-M59R01RB,Royal Blue ,M59R01RB.jpg
Full Skin Mink Jacket - Burgundy ,3200,WF-M59R01BD,Burgundy ,M59R01BD.jpg
Diamond Mink Chopped Jacket - Burgundy,1400,WF-M49S08BD,Burgundy,M49S08BK.jpg
Diamond Mink Chopped Jacket - Grey,1400,WF-M49S08BI,Grey,M49S08BI.jpg
Diamond Mink Chopped Jacket - White,1400,WF-M49S08WT,White,M49S08WT.jpg
Full Skin Chinchilla Jacket - Whiskey,7900,WF-M16R01WK,Whiskey,M16R01WK.jpg
Full Skin Chinchilla Jacket - Royal Blue,7900,WF-M16R01RB,Royal Blue,M16R01RB.jpg
Squared Chinchilla Jacket - Black/White,5000,WF-M06R01CH,Black/White,M06R01CH.jpg
Squared Chinchilla Jacket - Red,5000,WF-M06R01RD,Red,M06R01RD.jpg
Full Skin Fox Biker with Black Leather - Yellow ,1500,WF-M83S01RB,Yellow ,M83S01YL-F.jpg
Full Skin Fox Biker with Black Leather - Red,1500,WF-M83S01RB,Red,M83S01RD-F.jpg
Full Skin Fox Biker with Black Leather - Black,1500,WF-M83S01RB,Black,M83S01BK-F.jpg
